N,Noise,MSE,PSNR
109,speckle,0.0018316913534371783,27.055148501392978
101,speckle,0.0018380649312064088,27.040062963152153
104,speckle,0.0018390803871193972,27.037664325770923
92,speckle,0.001843205726121546,27.027933345292613
98,speckle,0.0018437723368548336,27.026598507316425
102,speckle,0.001844673211334658,27.024477045480303
111,speckle,0.001846225406262102,27.020824223761743
89,speckle,0.0018462656400204849,27.02072958142391
93,speckle,0.0018526875535432833,27.00564961548508
103,speckle,0.0018538420872035173,27.002944078702015
99,speckle,0.001856201488675694,26.997420288174272
90,speckle,0.001856306147132779,26.997175426237987
94,speckle,0.001856822504311773,26.995967544173972
82,speckle,0.0018573243157453566,26.994794009855347
79,speckle,0.0018613215986622326,26.985457285563783
80,speckle,0.0018619723079486752,26.983939277786845
85,speckle,0.0018645896637756703,26.977838730481434
96,speckle,0.0018666347115415998,26.973078078429623
113,speckle,0.00187219726106295,26.960155399033646
88,speckle,0.0018722415188890265,26.960052735159156
93,speckle,0.0018734612567135214,26.957224291702715
94,speckle,0.001874561465981194,26.954674601570265
73,speckle,0.0018746996550749499,26.954354459766495
122,speckle,0.0018763073096475357,26.950631749790226
117,speckle,0.0018773335033316543,26.948257147170082
100,speckle,0.0018778830653068596,26.946985999524465
99,speckle,0.0018785361290629278,26.945475933827467
95,speckle,0.001878862820151288,26.944720729819387
97,speckle,0.0018796639782448384,26.94286926746143
87,speckle,0.0018798868106607435,26.94235444590873
95,speckle,0.0018821385417225997,26.937155573492543
110,speckle,0.001884680147726908,26.931294895178276
88,speckle,0.0018876361623290316,26.924488567249355
115,speckle,0.001888246363306277,26.923084885234477
84,speckle,0.0018892838148382887,26.920699413957347
69,speckle,0.001889431236336041,26.92036054562696
89,speckle,0.0018894613410956832,26.920291349000042
119,speckle,0.0018901905700254372,26.91861553275234
91,speckle,0.0018921498150882188,26.91411625818194
120,speckle,0.001894402099543588,26.9089497909154
106,speckle,0.0018947138953765545,26.908235053175915
107,speckle,0.0018971200453775424,26.902723325475556
116,speckle,0.0018987402683194406,26.89901584486404
86,speckle,0.0018994034547119743,26.8974992187715
79,speckle,0.0019000064044335109,26.89612080607672
76,speckle,0.0019008301805864436,26.89423826556154
92,speckle,0.001900931593802827,26.894006566665645
108,speckle,0.0019014461418698997,26.892831168516903
74,speckle,0.0019016087350054334,26.89245981809527
87,speckle,0.0019027731802369354,26.889801240877844
91,speckle,0.001902821624485134,26.88969067172504
75,speckle,0.0019055211640037128,26.88353368755594
74,speckle,0.0019056085588271062,26.883334507300667
81,speckle,0.001906042189665051,26.882346360729315
81,speckle,0.0019070100239683332,26.88014169589501
84,speckle,0.0019071207384830252,26.87988956661154
77,speckle,0.0019083217669103344,26.8771554143601
72,speckle,0.0019097536883461886,26.873897879957998
70,speckle,0.0019102631208739041,26.872739540882282
78,speckle,0.001912410795179118,26.86785958921337
59,speckle,0.0019145360697566624,26.863035926126226
72,speckle,0.001916505970869673,26.85856968822227
67,speckle,0.001916618549995329,26.858314583057812
82,speckle,0.0019166640155563134,26.858211561994715
69,speckle,0.0019172491766979963,26.8568858551042
86,speckle,0.0019178591133657452,26.855504448837088
80,speckle,0.0019184782952439794,26.854102552983285
98,speckle,0.0019194942159519827,26.851803376704378
73,speckle,0.0019200616963723728,26.85051961565187
68,speckle,0.0019210998145945055,26.84817215369212
63,speckle,0.0019211723101415158,26.848008269328854
75,speckle,0.0019236571126320743,26.84239482830535
60,speckle,0.0019238446453520807,26.84197146566298
70,speckle,0.0019244960294981365,26.840501260362384
62,speckle,0.0019249948119690746,26.839375820739683
90,speckle,0.0019276232433304862,26.83344991063364
76,speckle,0.0019281585696120478,26.832243985283746
83,speckle,0.0019289246393171078,26.8305188482721
85,speckle,0.0019291021837442351,26.830119128059753
71,speckle,0.0019291812770923051,26.829941070615423
61,speckle,0.0019296015609141766,26.828995036837124
64,speckle,0.0019319215136666572,26.823776666880804
66,speckle,0.0019321919401069235,26.823168792850367
105,speckle,0.001932859358692081,26.821668909981415
78,speckle,0.0019333706965352138,26.820520136102036
64,speckle,0.0019356096910187546,26.81549357633507
68,speckle,0.0019365581249140198,26.813366087884255
112,speckle,0.001937158271870766,26.81202040076091
77,speckle,0.001938182607722861,26.809724533468913
63,speckle,0.0019405653191692828,26.80438879841823
83,speckle,0.0019418163307247979,26.80158996263568
118,speckle,0.0019423561062212804,26.800382902316386
65,speckle,0.0019427173472294787,26.7995752729172
67,speckle,0.0019440691573219082,26.796554352232683
127,speckle,0.001945632646577924,26.793063005969113
61,speckle,0.0019477092146414428,26.788430265413844
96,speckle,0.00194906810026976,26.785401318639902
71,speckle,0.0019519625534195931,26.77895663581954
66,speckle,0.001953333109258535,26.77590833979362
133,speckle,0.0019538865393863,26.774678044730486
59,speckle,0.0019541508412591916,26.774090615113273
56,speckle,0.0019587146728810736,26.7639596878869
65,speckle,0.0019600269617056796,26.761050999998606
56,speckle,0.001960990715166836,26.7589160806842
114,speckle,0.0019609978703062506,26.758900234449577
121,speckle,0.0019638052472511405,26.752687293381175
141,speckle,0.0019643404230563592,26.75150391618491
58,speckle,0.0019659289866814133,26.74799319270945
123,speckle,0.001968200150485579,26.742978847817188
57,speckle,0.001969511546699443,26.740086141574967
53,speckle,0.0019698850288703985,26.739262658874964
55,speckle,0.0019742762154201987,26.729592319568738
97,speckle,0.0019766334019337586,26.724410154871148
57,speckle,0.0019768004515882485,26.72404313852091
125,speckle,0.001979509728635841,26.718095049508452
60,speckle,0.0019802006178857782,26.716579537687434
62,speckle,0.0019838351695391373,26.708615602676666
47,speckle,0.0019900411201708183,26.695050951394634
58,speckle,0.001991122795515178,26.692691010157475
126,speckle,0.001992505156600693,26.689676914349583
135,speckle,0.001998278972868829,26.677110269735323
124,speckle,0.0020060434188673387,26.66026816788446
130,speckle,0.0020138970634230244,26.643298768223556
134,speckle,0.0020153259745165665,26.64021843127905
136,speckle,0.002020159531361714,26.62981478558827
49,speckle,0.0020212900305768026,26.627385114866463
128,speckle,0.0020224773373897975,26.62483481577601
55,speckle,0.0020236398132881766,26.622339302852865
50,speckle,0.002024248602198877,26.621032974024516
137,speckle,0.002029932808172969,26.608854826792047
54,speckle,0.002032616237706047,26.603117548078025
53,speckle,0.002032856424884739,26.6026043877392
51,speckle,0.002033686092601541,26.600832267493708
54,speckle,0.0020360805420229994,26.59572191899324
50,speckle,0.0020388606041211467,26.589796111613
52,speckle,0.002040995289348051,26.585251430999502
132,speckle,0.002046190289467631,26.574211261391834
143,speckle,0.0020465280293497693,26.57349448317238
129,speckle,0.002050953805964971,26.564112666794188
51,speckle,0.0020536174353710055,26.558476025852926
49,speckle,0.002056397613368107,26.552600543000956
139,speckle,0.002060702400656136,26.543518684217418
52,speckle,0.0020609263695544533,26.54304669383606
48,speckle,0.002071251450676126,26.521343198567017
48,speckle,0.002089961761817757,26.482288051764584
43,speckle,0.002099591911854202,26.462322543682184
47,speckle,0.002102158661215281,26.45701653989533
140,speckle,0.002106701151991219,26.447642127196318
44,speckle,0.0021083507572976596,26.44424281191433
131,speckle,0.0021093344775760916,26.442216940979844
138,speckle,0.002117936958289327,26.42454116539585
45,speckle,0.0021182753403414917,26.423847350034467
46,speckle,0.0021220456113742957,26.416124310410936
42,speckle,0.0021246976518294845,26.410700075349798
46,speckle,0.00212501835914255,26.410044589588985
41,speckle,0.0021324742294968535,26.394833539444228
145,speckle,0.002136716747583341,26.386201914338933
40,speckle,0.0021395347581004264,26.38047799191272
45,speckle,0.0021519952003319943,26.355258470844095
39,speckle,0.0021613251538553802,26.33647037574174
146,speckle,0.002177996470366434,26.303099738499284
43,speckle,0.0021911681533570955,26.276914382429535
163,speckle,0.002197202849269303,26.264969919278553
147,speckle,0.0022018497610361122,26.255794630562338
142,speckle,0.0022109348178996815,26.23791206427002
44,speckle,0.0022111446177727396,26.237499973403867
40,speckle,0.002213605071330231,26.232670043630595
42,speckle,0.0022207767724982987,26.218622390232973
154,speckle,0.0022305788075592772,26.19949573749774
149,speckle,0.0022318000126917243,26.197118697426077
41,speckle,0.0022322616277924,26.19622051586925
152,speckle,0.002238558828065575,26.183986335742198
153,speckle,0.002247265546679907,26.16712751880175
148,speckle,0.0022483763962481834,26.16498128093997
151,speckle,0.002248730464501393,26.164297419543452
38,speckle,0.002264560317886711,26.133832525978885
39,speckle,0.0022812455080669235,26.101951188131345
36,speckle,0.0022935418892381224,26.07860468965321
155,speckle,0.002294679306251663,26.0764514632865
165,speckle,0.002296432906842668,26.07313383974857
160,speckle,0.002301841594296862,26.062917119548786
35,speckle,0.002302950100754739,26.060826174815602
37,speckle,0.0023034727700135494,26.05984062753823
150,speckle,0.002304581894518963,26.057749998425454
144,speckle,0.002308131213079253,26.051066514178707
32,speckle,0.002318546769521399,26.031512845878506
164,speckle,0.002328089827546777,26.0136741224002
38,speckle,0.00232991184504994,26.010276561628306
33,speckle,0.0023320495225392394,26.00629376756565
35,speckle,0.002334145004066937,26.002393132388967
34,speckle,0.0023362941973229623,25.998396151388803
159,speckle,0.002338330044135659,25.99461335710638
36,speckle,0.0023396970064206916,25.99207526064888
37,speckle,0.0023430581254891563,25.98584082953296
171,speckle,0.0023437754383697175,25.984511467079553
157,speckle,0.0023475670876165764,25.977491332887027
156,speckle,0.0023512884372313726,25.970612372968866
34,speckle,0.002354463650513128,25.96475155501374
162,speckle,0.0023588385392968067,25.9566893068199
33,speckle,0.0023636776578962334,25.947788953055905
32,speckle,0.002379242371033322,25.919284600241255
31,speckle,0.00238808784355069,25.903168475955496
30,speckle,0.002388729303279902,25.902002082460115
29,speckle,0.0023995451389327476,25.88238221402198
30,speckle,0.002408043221055067,25.86702867815314
172,speckle,0.002408931392727297,25.865427141539268
29,speckle,0.0024147667552246767,25.854919572901935
31,speckle,0.002415763272964175,25.853127710895087
27,speckle,0.002416419406929728,25.851948304480814
161,speckle,0.002418119885708654,25.84889316918856
28,speckle,0.002418571416025932,25.848082296161763
158,speckle,0.0024409268794976955,25.808123755887642
28,speckle,0.0024485971385985543,25.7944980781225
166,speckle,0.002449919283075281,25.792153694578438
27,speckle,0.002450708029467981,25.79075571759679
26,speckle,0.0024519554855773097,25.788545640096157
25,speckle,0.0024554861194407587,25.782296619965173
26,speckle,0.002470240826912093,25.75627850214408
23,speckle,0.0024735324997933006,25.75049524516477
25,speckle,0.002476494860911578,25.745297143631536
24,speckle,0.0024768644074220397,25.744649130830915
24,speckle,0.0024825349015056303,25.734717825808133
51,localvar,0.0024850942683458136,25.730242777626394
23,speckle,0.00249574902949337,25.711662345543665
169,speckle,0.0025187739640357594,25.671779500030986
177,speckle,0.002525666735293791,25.65991101127738
50,localvar,0.002539486454430158,25.636212448053698
167,speckle,0.0025449270518777397,25.626918072808124
46,localvar,0.002544950619997317,25.62687785375006
41,localvar,0.0025466457831703287,25.623986029729178
55,localvar,0.002551799047577573,25.615206744545986
44,localvar,0.00255454562234004,25.610534821847413
186,speckle,0.002558405043777817,25.603978428635138
42,gaussian,0.002560966641390247,25.599632239808866
176,speckle,0.0025637908086152948,25.59484559233164
49,localvar,0.002563893662228196,25.594671366492328
47,localvar,0.002566241341883558,25.590696483219446
56,localvar,0.00256632687101828,25.590551741524003
52,gaussian,0.002567644458482987,25.588322586193037
53,localvar,0.0025682275724729195,25.587336412130636
63,localvar,0.0025683665457676653,25.587101410751643
41,localvar,0.0025702683111515465,25.583886836169874
54,localvar,0.002570465965872145,25.58355287471653
45,localvar,0.0025742456074961018,25.577171650918977
62,localvar,0.002574677741522276,25.576442669690366
179,speckle,0.0025760037909038215,25.574206476525497
59,localvar,0.0025796209417999266,25.568112515022925
52,localvar,0.0025800825809692346,25.567335387641435
43,localvar,0.0025839404368318665,25.560846470690308
168,speckle,0.002585014377481236,25.559041825374656
48,localvar,0.002586192721358368,25.557062603724084
49,gaussian,0.0025903978238016757,25.55000678900303
51,gaussian,0.0025911136634675378,25.54880681011829
44,gaussian,0.0025925399704287543,25.546416846196554
45,gaussian,0.0025953979790533906,25.541631833297167
170,speckle,0.0025992849186020706,25.535132584947327
48,localvar,0.002599364785167148,25.53499914410988
54,gaussian,0.002602838791490587,25.529198748264506
39,localvar,0.002602948187064669,25.529016221033288
42,localvar,0.0026110613311623966,25.51550072381781
39,localvar,0.002611905022750904,25.514097649091013
52,localvar,0.0026130351912833963,25.512218867919053
40,gaussian,0.002613080840064676,25.51214299890391
46,localvar,0.002613982148666427,25.510645280751454
40,localvar,0.0026140051356903556,25.51060708961937
51,localvar,0.0026158410744482282,25.507557905867596
50,gaussian,0.002619511625537713,25.501468152468917
60,localvar,0.002621671616650945,25.497888532252645
47,localvar,0.0026235047179952037,25.494852959069974
54,localvar,0.002625165466618863,25.492104628686146
174,speckle,0.002626966873522218,25.48912549161266
59,gaussian,0.0026274316875944705,25.488357121323013
175,speckle,0.002629052231135641,25.485679311780384
60,gaussian,0.0026297763857873737,25.484483241726807
45,localvar,0.002630705427854212,25.4829492459387
48,gaussian,0.0026363080277810175,25.473709933486873
53,gaussian,0.0026375146194280025,25.471722699033258
53,localvar,0.0026411683203159684,25.465710660023966
44,localvar,0.002642096423720826,25.464184822455568
55,localvar,0.002643261708751377,25.462269807979247
183,speckle,0.0026454616913370423,25.458656685189233
35,localvar,0.002645958691071498,25.457840857954892
39,gaussian,0.0026484454402745682,25.45376114847523
192,speckle,0.0026500698116125273,25.451098306161107
61,gaussian,0.0026502121345009745,25.450865073115224
57,localvar,0.002651648557510884,25.448511821536638
41,gaussian,0.0026516512782731073,25.44850736539779
34,localvar,0.0026568406470912375,25.440016385315833
38,gaussian,0.002657232597692004,25.43937573933465
50,localvar,0.002658114612865894,25.43793442492444
66,gaussian,0.002658213454286723,25.437772936456792
46,gaussian,0.0026583373641128573,25.437570499367062
58,localvar,0.002659305350225293,25.43598938136265
184,speckle,0.0026624760000404646,25.43081443789514
43,gaussian,0.0026628290701662164,25.430238559497408
43,localvar,0.002663011466615182,25.429941089940108
54,gaussian,0.002667597325872133,25.422468720689476
37,localvar,0.002669021775647754,25.42015028394058
36,gaussian,0.002670491502220535,25.41775945120595
60,localvar,0.0026720767018760293,25.415182250664937
37,gaussian,0.00267347240757227,25.412914392738273
33,localvar,0.002673667570583295,25.41259737010882
55,gaussian,0.002676668468707854,25.407725625144227
49,gaussian,0.002676729742204025,25.40762620888477
62,localvar,0.002677045860372901,25.407113343248543
57,localvar,0.0026773264534012157,25.406658163829455
32,localvar,0.00267735398663037,25.406613501857088
68,localvar,0.002677459585008611,25.406442213753927
61,localvar,0.002677849278669371,25.40581016129493
73,localvar,0.0026780638413620764,25.405462196750225
36,localvar,0.002678567711281253,25.40464516117856
47,gaussian,0.002679770401033961,25.40269559576904
173,speckle,0.002682529340969357,25.398226645679635
22,speckle,0.0026858079710906863,25.392921870423685
40,localvar,0.0026862055833603454,25.392278979957325
38,localvar,0.002686432709450458,25.391911787519213
49,localvar,0.002686984951812356,25.391019112404756
64,gaussian,0.002687919303458801,25.38950919241726
38,localvar,0.0026882361323562285,25.388997313459658
61,gaussian,0.002690147211316166,25.385910991683474
36,localvar,0.0026917942295587687,25.38325287670937
37,localvar,0.00269319146208645,25.380999164536036
47,gaussian,0.0026951639639240443,25.377819542428178
182,speckle,0.002695315216112562,25.37757582386932
56,localvar,0.0026954736287659216,25.377320582036567
48,gaussian,0.002695605558230469,25.37710802259725
74,localvar,0.002696814124658925,25.375161313065924
34,gaussian,0.002697419319325098,25.37418681795803
31,localvar,0.0027001823811852316,25.369740463112258
57,gaussian,0.002701519190869921,25.36759088460066
56,gaussian,0.002701710713462843,25.367283005029467
58,gaussian,0.0027029765974846925,25.3652485988785
42,localvar,0.0027055452272770055,25.36112347240266
58,localvar,0.0027056902342872317,25.360890713193264
33,gaussian,0.0027058150045710487,25.360690447117985
30,localvar,0.002708650833747604,25.356141207682782
29,localvar,0.00271056183551656,25.35307826253478
67,localvar,0.0027122930815152166,25.350305292868136
76,localvar,0.0027129429164408176,25.349264896749727
65,localvar,0.002714340536681045,25.347028128477763
59,localvar,0.0027147081694551944,25.346439955874914
43,gaussian,0.0027164542950674324,25.343647431257263
62,gaussian,0.002717242356222146,25.342387697285133
32,gaussian,0.00271848484316318,25.34040229510459
22,speckle,0.0027185174517351113,25.34035020124078
35,localvar,0.0027195127557619447,25.338760452618565
35,gaussian,0.0027210554857695296,25.33629747773222
53,gaussian,0.0027213471349346427,25.335832015575118
50,gaussian,0.002723160406177625,25.33293921501165
41,gaussian,0.0027254987294649488,25.32921161547696
34,localvar,0.0027259462564305868,25.328498562359414
25,localvar,0.002726196308585496,25.32810020054167
63,localvar,0.002727004293932336,25.326813236772182
21,speckle,0.0027290237109662647,25.32359836429074
61,localvar,0.0027332676623136693,25.316849822711536
32,localvar,0.002734497898318939,25.314895515374765
24,localvar,0.002735028829267966,25.314052369729293
42,gaussian,0.0027370397876535376,25.31086034773306
46,gaussian,0.0027378285411789435,25.30960898866664
26,localvar,0.002739199464651167,25.307434873395003
33,localvar,0.002739585405635453,25.306823014948066
72,localvar,0.002740101533143242,25.30600489766597
178,speckle,0.0027404977178264304,25.30537700712282
77,gaussian,0.0027410961148878685,25.304428813766172
40,gaussian,0.0027415064340498806,25.30377875990353
69,gaussian,0.0027418200105929075,25.30328203747121
57,gaussian,0.002743668622564875,25.300354888906377
78,gaussian,0.0027446556781435347,25.298792762573168
44,gaussian,0.002744878028161685,25.298440946221717
27,localvar,0.0027457800548788113,25.29701399439417
64,localvar,0.002746234855366699,25.296294705222756
39,gaussian,0.0027470611317321324,25.29498821356608
65,localvar,0.0027476811880789457,25.294008050947486
69,localvar,0.0027499130493629717,25.290481835474274
28,localvar,0.0027517747237970716,25.28754268298862
30,gaussian,0.0027550660676261564,25.282351275837527
55,gaussian,0.002755640920272497,25.28144520213894
21,speckle,0.002758043082884523,25.27766099530936
60,gaussian,0.002759662591679723,25.275111588745002
65,gaussian,0.0027640202777852885,25.268259206134132
31,gaussian,0.0027693980599545857,25.259817618262815
29,gaussian,0.0027702608479581764,25.258464812690235
79,gaussian,0.002770646523953116,25.257860229558148
68,localvar,0.0027721988747849875,25.255427625473466
67,gaussian,0.002772479116593423,25.254988619019727
52,gaussian,0.002773257335098786,25.25376975112813
64,gaussian,0.0027758360014558865,25.249733413722176
64,localvar,0.002775869221412054,25.249681439623867
31,localvar,0.0027771140045651714,25.247734369223615
51,gaussian,0.0027772362767665535,25.24754316002841
20,speckle,0.0027772611035758376,25.24750433690712
20,speckle,0.0027786045109587246,25.245404090194235
190,speckle,0.002780635400198651,25.24223098004397
24,localvar,0.002780895072156373,25.241825429453225
185,speckle,0.002785525377864712,25.234600259523923
188,speckle,0.002786568898932596,25.23297359843631
78,localvar,0.002786839866979791,25.232551307760332
68,gaussian,0.0027872713298724176,25.231878978317415
189,speckle,0.0027882536182955325,25.23034871004608
23,localvar,0.0027896315071431065,25.228203059779382
37,gaussian,0.0027908738613896733,25.22626937253375
187,speckle,0.002791158917093077,25.22582581326406
45,gaussian,0.0027912491435921763,25.225685426283178
181,speckle,0.0027913087088174207,25.225592748878583
26,localvar,0.0027919270130381756,25.224630847480594
25,localvar,0.0027924726137014497,25.2237822285637
29,localvar,0.0027933107832604576,25.222478875421483
35,gaussian,0.002793871469881943,25.221607226366295
27,gaussian,0.0027939296228554405,25.221516831181937
38,gaussian,0.0027939457473855484,25.22149176693485
30,localvar,0.0027950230446014378,25.219817525193882
65,gaussian,0.002795751525010097,25.218685749911206
71,localvar,0.002796729456050217,25.217166888925632
27,localvar,0.0028005046066565576,25.21130854065243
79,localvar,0.002801203720124452,25.21022451019174
28,gaussian,0.0028012920139016385,25.210087622982744
36,gaussian,0.0028016715923541535,25.209499188578334
71,localvar,0.002801783309347514,25.209326016581382
71,gaussian,0.0028018786834659833,25.20917818306314
72,gaussian,0.0028035483440248003,25.206590960411827
63,gaussian,0.002803743265239098,25.206289020674397
69,localvar,0.002803833286279013,25.206149582039778
70,gaussian,0.002804731196393296,25.20475900371117
28,localvar,0.0028055163345289337,25.203543438229662
66,localvar,0.0028055583597869993,25.203478383534534
76,gaussian,0.0028080558693679234,25.199614011467688
71,gaussian,0.002809648869961231,25.197150972137614
33,gaussian,0.0028129515337065375,25.192048959893615
67,localvar,0.002814196968790505,25.19012654539495
25,gaussian,0.0028153129246082853,25.18840471358637
26,gaussian,0.002818685480375879,25.183205271096547
58,gaussian,0.0028213684746978863,25.179073361273694
32,gaussian,0.0028220031176375933,25.17809656248118
70,localvar,0.002823174704098328,25.176293914067465
34,gaussian,0.0028234642705984203,25.175848491104148
24,gaussian,0.0028254275922272054,25.17282963429251
82,gaussian,0.0028311177709169537,25.16409209616308
91,salt,0.0028355407994240522,25.15731430053711
63,salt,0.00283736246638,25.154523849487305
82,salt,0.002837425097823143,25.154428482055664
23,gaussian,0.002837533488224276,25.15426149736153
62,gaussian,0.002840482293471026,25.149750590695383
31,gaussian,0.0028422191245680815,25.147095880797934
29,gaussian,0.002843597372246007,25.14499041231059
81,gaussian,0.002844670693785571,25.143351468357665
85,gaussian,0.002845715888838699,25.141756067262854
30,gaussian,0.0028476354290229394,25.138827578592995
69,salt,0.0028500899206846952,25.135086059570312
93,salt,0.00285140797495842,25.13307762145996
78,salt,0.002851617056876421,25.13275909423828
23,localvar,0.002854428555199627,25.128479681349738
73,gaussian,0.0028546903505430035,25.128081384257058
84,salt,0.002855863654986024,25.126296997070312
65,salt,0.0028580529615283012,25.122968673706055
59,gaussian,0.002861988824425905,25.11699211876288
66,gaussian,0.0028632146936701606,25.115132313238874
75,gaussian,0.002863700612991943,25.11439532982177
75,localvar,0.002864071228864047,25.113833308732847
194,speckle,0.0028648477638361187,25.112655966704196
83,salt,0.0028651216998696327,25.112239837646484
62,salt,0.0028669703751802444,25.109439849853516
56,gaussian,0.002868006099757881,25.10787074791361
96,salt,0.0028688376769423485,25.106611251831055
67,salt,0.0028690267354249954,25.106325149536133
80,salt,0.0028724148869514465,25.101200103759766
81,localvar,0.0028742719640376837,25.098392867076505
61,salt,0.0028746966272592545,25.09775161743164
68,salt,0.0028757876716554165,25.09610366821289
73,salt,0.002875977661460638,25.095815658569336
196,speckle,0.002877146031739655,25.094052400609293
71,salt,0.0028791879303753376,25.090970993041992
83,gaussian,0.002880021659166749,25.089713915803898
66,salt,0.0028807087801396847,25.08867645263672
70,localvar,0.0028807881908245667,25.088558173886263
92,salt,0.0028817965649068356,25.0870361328125
77,gaussian,0.002883722778210809,25.084136375661043
63,gaussian,0.002883955039265716,25.083786599901185
58,salt,0.0028839639853686094,25.083772659301758
101,salt,0.002884084591642022,25.08359146118164
74,gaussian,0.002885732493807028,25.08111075751242
77,localvar,0.0028865867353128883,25.07982533873986
90,salt,0.002890402916818857,25.07408905029297
88,salt,0.002890936564654112,25.073284149169922
86,localvar,0.0028910760339818297,25.07307631890344
72,salt,0.002892530057579279,25.070894241333008
70,salt,0.0028952048160135746,25.066879272460938
76,localvar,0.0028955356526206236,25.06638228704312
68,gaussian,0.002897199976699582,25.06388672422192
86,salt,0.002897724276408553,25.06310272216797
64,salt,0.0028986006509512663,25.06178855895996
95,salt,0.002899179235100746,25.06092071533203
79,salt,0.0028998972848057747,25.059844970703125
94,salt,0.002901220228523016,25.057865142822266
74,salt,0.0029028556309640408,25.055418014526367
28,gaussian,0.002905493787649061,25.051471942644913
27,gaussian,0.002905913581387915,25.050844507350632
89,localvar,0.0029059304344165337,25.050819320241988
89,gaussian,0.0029072805301470685,25.04880205597985
60,salt,0.002907433081418276,25.04857635498047
26,gaussian,0.002908413516634601,25.04710991130417
193,speckle,0.002908713638429507,25.046661782060756
53,salt,0.002909132745116949,25.046035766601562
83,localvar,0.0029102136981311415,25.04442264887453
76,salt,0.002911125775426626,25.043060302734375
98,salt,0.0029122503474354744,25.041385650634766
195,speckle,0.002912299287588788,25.041311414828577
191,speckle,0.002913409880362264,25.039655567256716
25,gaussian,0.002913814055721246,25.039053115281874
47,salt,0.002914103679358959,25.03862190246582
73,localvar,0.0029147050040511436,25.037725388830673
70,gaussian,0.0029159867781873936,25.03581595007391
100,salt,0.0029163917060941458,25.03521156311035
24,gaussian,0.002918136460686717,25.032615485320854
85,salt,0.0029244432225823402,25.023239135742188
75,salt,0.002925758482888341,25.021286010742188
69,gaussian,0.0029260072075284055,25.020917538855034
52,salt,0.0029265598859637976,25.020095825195312
87,salt,0.0029272260144352913,25.01910972595215
97,salt,0.0029287878423929214,25.01679229736328
54,salt,0.0029323885682970285,25.011455535888672
80,gaussian,0.0029324735128136,25.011330473613622
57,salt,0.002932681003585458,25.011024475097656
88,localvar,0.0029328334512614233,25.010797443431677
120,salt,0.0029330605175346136,25.010461807250977
50,salt,0.002933541312813759,25.009748458862305
81,salt,0.0029337708838284016,25.009410858154297
82,localvar,0.00293390933612541,25.009204563423935
89,salt,0.002934108953922987,25.008909225463867
116,salt,0.0029346849769353867,25.008056640625
107,salt,0.0029358030296862125,25.00640106201172
198,speckle,0.002936410764466872,25.00550337993578
43,salt,0.002938017947599292,25.003128051757812
46,salt,0.0029381667263805866,25.002906799316406
180,speckle,0.0029383842532723545,25.002585574878854
99,salt,0.0029387418180704117,25.002058029174805
87,gaussian,0.002939007563544625,25.00166441725924
59,salt,0.0029393136501312256,25.001211166381836
79,gaussian,0.002940078618970942,25.000082016688246
109,salt,0.0029401318170130253,25.000003814697266
90,gaussian,0.0029402140187528548,24.99988201515169
55,salt,0.002940279431641102,24.999786376953125
124,salt,0.002940566511824727,24.999361038208008
56,salt,0.0029426882974803448,24.996227264404297
51,salt,0.0029435399919748306,24.994972229003906
19,speckle,0.0029448745731613987,24.993003432259506
103,salt,0.002945028943940997,24.992774963378906
77,salt,0.002946253400295973,24.990970611572266
48,salt,0.0029473709873855114,24.989322662353516
130,salt,0.0029473956674337387,24.989288330078125
115,salt,0.002948590088635683,24.98752784729004
22,localvar,0.0029490012039329,24.98692195605082
45,salt,0.002949249465018511,24.986555099487305
80,localvar,0.002949276999526673,24.98651581547737
84,gaussian,0.0029501663705985516,24.98520637345861
41,salt,0.002951045986264944,24.983911514282227
85,localvar,0.002951663593728062,24.983002867897778
49,salt,0.0029524071142077446,24.981908798217773
108,salt,0.0029527160804718733,24.981456756591797
113,salt,0.0029545105062425137,24.978816986083984
23,gaussian,0.0029551516466721547,24.97787373397152
104,salt,0.002955810632556677,24.976905822753906
94,gaussian,0.002955842548312739,24.976858490980195
111,salt,0.0029575014486908913,24.974422454833984
91,gaussian,0.0029579264844672728,24.973797695047864
67,gaussian,0.002958050768909938,24.97361521954016
132,salt,0.0029596334788948298,24.97129249572754
105,salt,0.0029598656110465527,24.970951080322266
139,salt,0.0029622092843055725,24.967514038085938
121,salt,0.0029677492566406727,24.959400177001953
90,localvar,0.0029693904057757335,24.956998444846242
18,speckle,0.002970321570572071,24.955636763546828
128,salt,0.0029703471809625626,24.955598831176758
66,localvar,0.0029712219222743303,24.95432054738338
19,speckle,0.0029716094062384366,24.953754210772516
21,localvar,0.0029751419751951943,24.948594501590424
18,speckle,0.0029781503018739036,24.94420533429701
129,salt,0.0029788832180202007,24.943138122558594
102,salt,0.0029803337529301643,24.941022872924805
78,gaussian,0.0029808973217705184,24.940201286191904
119,salt,0.0029833675362169743,24.936603546142578
117,salt,0.0029843265656381845,24.93520736694336
72,gaussian,0.0029849279485227556,24.93433293053567
134,salt,0.0029857889749109745,24.933080673217773
106,salt,0.0029859559144824743,24.932838439941406
22,gaussian,0.0029859888493979463,24.93278963855428
135,salt,0.002988116815686226,24.92969512939453
114,salt,0.0029885275289416313,24.929100036621094
72,localvar,0.002990775520665358,24.9258332814558
123,salt,0.002990886801853776,24.925670623779297
110,salt,0.0029919445514678955,24.924135208129883
84,localvar,0.002993346692889425,24.92210125213621
122,salt,0.002995323156937957,24.919235229492188
44,salt,0.002995431423187256,24.919078826904297
126,salt,0.0029973164200782776,24.916345596313477
44,s&p,0.0029973858036100864,24.91624641418457
94,localvar,0.0029993696320187936,24.913371554391034
40,salt,0.003001544624567032,24.91022300720215
38,s&p,0.0030017225071787834,24.90996551513672
80,localvar,0.003001988236312951,24.90958159387755
144,salt,0.00300207594409585,24.909456253051758
140,salt,0.003003455698490143,24.907459259033203
21,gaussian,0.003003659272610079,24.90716479582021
42,s&p,0.003005180275067687,24.904966354370117
68,salt,0.00300527922809124,24.904823303222656
138,salt,0.003005347214639187,24.904726028442383
136,salt,0.0030080415308475494,24.900833129882812
91,localvar,0.003009238735187588,24.89910501997929
39,salt,0.0030095649417489767,24.89863395690918
34,s&p,0.0030103109311312437,24.897558212280273
127,salt,0.0030106997583061457,24.896995544433594
131,salt,0.0030109668150544167,24.8966121673584
86,gaussian,0.0030113463795652094,24.89606432428955
38,salt,0.003012459259480238,24.894458770751953
33,s&p,0.0030193233396857977,24.88457489013672
42,salt,0.0030216299928724766,24.881258010864258
45,s&p,0.0030219750478863716,24.880762100219727
76,gaussian,0.0030222714493606194,24.88033676962345
20,gaussian,0.003022449894722084,24.880080354707307
92,localvar,0.0030224518049737524,24.88007760987604
92,gaussian,0.0030224692053281606,24.880052607471907
86,gaussian,0.0030225937570986143,24.879873644417387
46,s&p,0.0030235734302550554,24.87846565246582
49,s&p,0.0030243033543229103,24.877416610717773
142,salt,0.003025046782568097,24.87635040283203
37,salt,0.0030256262980401516,24.875518798828125
47,s&p,0.0030270074494183064,24.87353515625
84,localvar,0.0030287939675588942,24.870974138207163
73,gaussian,0.00302925061929094,24.87031940110541
74,localvar,0.003029718067584934,24.869649286353045
49,salt,0.0030299541540443897,24.86931037902832
35,salt,0.0030304179526865482,24.86864471435547
58,salt,0.0030314361210912466,24.8671875
74,gaussian,0.003033463356926537,24.864283922570614
32,s&p,0.0030359020456671715,24.860794067382812
29,s&p,0.003037236165255308,24.858884811401367
125,salt,0.0030376072973012924,24.858356475830078
53,salt,0.003037859685719013,24.857994079589844
31,s&p,0.00303823733702302,24.857454299926758
48,s&p,0.0030387218575924635,24.856761932373047
152,salt,0.0030406485311686993,24.8540096282959
22,localvar,0.00304084223976681,24.853732561183076
75,gaussian,0.003042279142816273,24.851680854377406
55,salt,0.0030434015206992626,24.850078582763672
72,salt,0.003044688142836094,24.848243713378906
197,speckle,0.0030450622198951996,24.847709744395942
36,salt,0.003045169170945883,24.847557067871094
75,salt,0.0030461293645203114,24.846189498901367
87,localvar,0.0030471152454516325,24.84478265401097
65,salt,0.0030474611558020115,24.844287872314453
141,salt,0.0030488246120512486,24.842348098754883
71,salt,0.003048996441066265,24.84210205078125
145,salt,0.0030490518547594547,24.842023849487305
40,s&p,0.0030493070371448994,24.841659545898438
81,gaussian,0.0030495079696630806,24.84137372766458
37,s&p,0.0030499582644551992,24.84073257446289
87,localvar,0.0030500045831356936,24.84066653511631
147,salt,0.0030506085604429245,24.839805603027344
146,salt,0.0030512246303260326,24.83892822265625
54,s&p,0.0030513082165271044,24.838809967041016
51,s&p,0.0030525601468980312,24.83702850341797
137,salt,0.0030535152181982994,24.835670471191406
35,s&p,0.00305364141240716,24.835491180419922
157,salt,0.0030537815764546394,24.835290908813477
63,salt,0.0030538891442120075,24.83513832092285
54,salt,0.0030538991559296846,24.835124969482422
133,salt,0.0030542751774191856,24.834590911865234
21,localvar,0.00305505909657579,24.83347529875102
50,salt,0.0030553750693798065,24.833026885986328
61,salt,0.0030553992837667465,24.832992553710938
30,s&p,0.0030558013822883368,24.832420349121094
20,localvar,0.003056144473851767,24.831932645618085
20,localvar,0.0030566675910909716,24.83118933164567
59,salt,0.0030568805523216724,24.830886840820312
83,localvar,0.003057057716599238,24.830635072671996
27,s&p,0.003060123883187771,24.82628059387207
162,salt,0.0030604619532823563,24.825801849365234
19,localvar,0.0030608207664712837,24.825292462467555
112,salt,0.0030615548603236675,24.82425308227539
52,s&p,0.003063446842133999,24.82156753540039
25,s&p,0.003064044751226902,24.820720672607422
77,localvar,0.0030651359307092467,24.819174063596478
19,localvar,0.00306570285582848,24.81837087023188
36,s&p,0.003066465025767684,24.817291259765625
154,salt,0.0030672543216496706,24.816173553466797
57,salt,0.003067384008318186,24.815990447998047
26,s&p,0.0030675637535750866,24.81573486328125
62,salt,0.003068035002797842,24.815067291259766
39,s&p,0.003068697638809681,24.814130783081055
60,salt,0.0030690357089042664,24.81365203857422
24,s&p,0.0030697728507220745,24.812606811523438
66,salt,0.0030703828670084476,24.81174659729004
45,salt,0.0030718008056282997,24.809741973876953
118,salt,0.003071836195886135,24.8096923828125
76,salt,0.0030727428384125233,24.808408737182617
98,localvar,0.003073063262830949,24.807956446174142
28,s&p,0.0030731658916920424,24.807811737060547
78,salt,0.003073817817494273,24.8068904876709
41,s&p,0.003074700478464365,24.80564308166504
70,salt,0.003074859967455268,24.805416107177734
79,localvar,0.0030750098164193805,24.805206389369236
73,salt,0.003076197812333703,24.80352783203125
22,gaussian,0.003076717747547628,24.802794887638015
156,salt,0.0030770357698202133,24.802345275878906
46,salt,0.0030774646438658237,24.801740646362305
33,salt,0.0030790655873715878,24.799482345581055
79,salt,0.0030792737379670143,24.799190521240234
58,s&p,0.003079822286963463,24.79841423034668
32,salt,0.0030800483655184507,24.798095703125
151,salt,0.0030812970362603664,24.796335220336914
75,localvar,0.003082786388625486,24.79423712672968
69,salt,0.003086796496063471,24.788591384887695
88,gaussian,0.0030872745341090496,24.787918948722417
92,salt,0.00308728264644742,24.787906646728516
155,salt,0.0030877834651619196,24.78720474243164
85,localvar,0.003088594541966508,24.7860624581452
86,salt,0.0030888430774211884,24.78571319580078
143,salt,0.0030906074680387974,24.783231735229492
149,salt,0.0030907560139894485,24.783023834228516
23,s&p,0.0030919392593204975,24.781360626220703
34,salt,0.0030953604727983475,24.77655792236328
89,salt,0.0030953818932175636,24.776531219482422
48,salt,0.003095608204603195,24.77621078491211
199,speckle,0.003097964069146677,24.77290769046479
20,gaussian,0.0030986508413648117,24.77194503136724
82,salt,0.0030990883242338896,24.771331787109375
43,salt,0.003101047594100237,24.768585205078125
51,salt,0.003101358423009515,24.768152236938477
21,gaussian,0.003101838670415957,24.767479394628346
81,salt,0.003102152841165662,24.767038345336914
150,salt,0.0031028157100081444,24.766111373901367
101,gaussian,0.003103638848376034,24.764959661460132
148,salt,0.0031042457558214664,24.764110565185547
47,salt,0.0031071046832948923,24.760112762451172
158,salt,0.003112188773229718,24.753013610839844
31,salt,0.003113949904218316,24.75055503845215
67,salt,0.003113977611064911,24.750516891479492
64,salt,0.003114109393209219,24.75033187866211
91,localvar,0.0031152702858258316,24.748714127453066
30,salt,0.0031166146509349346,24.74683952331543
39,salt,0.0031189220026135445,24.74362564086914
165,salt,0.003119182772934437,24.743263244628906
42,salt,0.0031219208613038063,24.739452362060547
29,salt,0.0031223222613334656,24.738893508911133
74,salt,0.0031224789563566446,24.738676071166992
43,s&p,0.0031239965464919806,24.7365665435791
98,salt,0.0031247357837855816,24.735538482666016
41,salt,0.0031273257918655872,24.73194122314453
88,salt,0.0031289909966289997,24.729629516601562
78,localvar,0.0031291396622893223,24.729421980971548
89,gaussian,0.003129480779787519,24.728948568504165
28,salt,0.0031298173125833273,24.72848129272461
97,gaussian,0.0031304752095790674,24.727568765273993
40,salt,0.003131293226033449,24.72643280029297
52,salt,0.0031313085928559303,24.726411819458008
27,salt,0.003132687881588936,24.72450065612793
81,localvar,0.0031350175388522687,24.721271706245574
56,salt,0.003135218285024166,24.720993041992188
44,salt,0.0031370501965284348,24.718456268310547
90,salt,0.0031372488010674715,24.718181610107422
26,salt,0.00313778780400753,24.717435836791992
84,gaussian,0.0031441022131705396,24.708704891675858
25,salt,0.0031464658677577972,24.705440521240234
160,salt,0.0031480491161346436,24.703256607055664
53,s&p,0.0031496237497776747,24.70108413696289
55,s&p,0.0031500235199928284,24.70053482055664
153,salt,0.0031506665982306004,24.699647903442383
96,localvar,0.0031531944027316547,24.696163984872477
90,localvar,0.0031553662637318807,24.6931736758781
38,salt,0.003156529739499092,24.691572189331055
163,salt,0.003157431725412607,24.690332412719727
176,salt,0.0031593593303114176,24.687681198120117
95,gaussian,0.003159774492414856,24.687110565721547
19,gaussian,0.0031613745977188603,24.684911861312187
91,gaussian,0.0031624904863992655,24.683379177439583
18,localvar,0.0031634208756895735,24.68210169214272
93,localvar,0.0031645575496667567,24.680541474303336
96,salt,0.003166546579450369,24.677812576293945
37,salt,0.0031682485714554787,24.675479888916016
161,salt,0.00316904135979712,24.674392700195312
97,localvar,0.003169127529778787,24.674274293461245
61,s&p,0.003169416217133403,24.673879623413086
85,salt,0.0031694862991571426,24.673784255981445
91,salt,0.003170477692037821,24.67242431640625
93,salt,0.0031712015625089407,24.671432495117188
18,gaussian,0.0031722327509134344,24.670021008828414
80,gaussian,0.0031723152646785727,24.669908044838564
87,salt,0.003172662341967225,24.66943359375
24,salt,0.003175624180585146,24.66537857055664
167,salt,0.00317655922845006,24.664100646972656
83,salt,0.003176966216415167,24.663545608520508
95,salt,0.0031777359545230865,24.662492752075195
17,speckle,0.0031778863256553425,24.662287872071232
36,salt,0.0031782586593180895,24.661779403686523
77,salt,0.0031786144245415926,24.661293029785156
50,s&p,0.003179134102538228,24.66058349609375
107,gaussian,0.003180200483258508,24.659126462194664
18,localvar,0.0031811912091590346,24.65777371796522
59,s&p,0.0031815306283533573,24.657310485839844
87,gaussian,0.0031821810847329365,24.656422555458523
85,gaussian,0.003183969145227174,24.653982949736616
95,localvar,0.0031841528710444275,24.653732354322663
175,salt,0.003184210043400526,24.653654098510742
170,salt,0.003184742294251919,24.652929306030273
33,salt,0.0031851809471845627,24.65233039855957
17,speckle,0.003185193032154954,24.652313884541076
90,gaussian,0.003186376809278465,24.650700128775217
166,salt,0.003189018927514553,24.6471004486084
84,salt,0.003189423820003867,24.646549224853516
105,gaussian,0.003192305156056335,24.64262746094903
32,s&p,0.003192564705386758,24.642274856567383
80,salt,0.0031943630892783403,24.639827728271484
168,salt,0.0031980264466255903,24.634849548339844
94,salt,0.0031989766284823418,24.633560180664062
31,s&p,0.00319960480555892,24.632709503173828
34,s&p,0.0032074307091534138,24.622098922729492
174,salt,0.0032087708823382854,24.620285034179688
22,s&p,0.003209871705621481,24.61879539489746
99,gaussian,0.0032104432529268772,24.618021476293652
186,salt,0.0032106288708746433,24.617769241333008
164,salt,0.0032113329507410526,24.616817474365234
109,gaussian,0.003211912546912565,24.61603433543351
34,salt,0.0032132985070347786,24.614160537719727
159,salt,0.003214496886357665,24.61254119873047
28,s&p,0.0032148794271051884,24.612024307250977
35,salt,0.003216715529561043,24.60954475402832
57,s&p,0.0032173460349440575,24.608692169189453
43,s&p,0.0032174228690564632,24.608591079711914
29,s&p,0.003219571430236101,24.60569190979004
32,salt,0.003221367485821247,24.603269577026367
27,s&p,0.003222651081159711,24.601537704467773
103,gaussian,0.003223766076557065,24.600036245292138
104,gaussian,0.0032252482083673277,24.59804002804235
99,salt,0.0032268385402858257,24.59589958190918
60,s&p,0.003227074397727847,24.595582962036133
21,s&p,0.0032309156376868486,24.590415954589844
31,salt,0.0032316548749804497,24.58942222595215
75,s&p,0.003232582937926054,24.58817481994629
30,s&p,0.0032328928355127573,24.587757110595703
56,s&p,0.0032334192655980587,24.587051391601562
97,salt,0.0032345885410904884,24.585479736328125
20,s&p,0.003235896583646536,24.583724975585938
29,salt,0.003240210236981511,24.577939987182617
39,s&p,0.0032406048849225044,24.577409744262695
169,salt,0.0032424908131361008,24.57488250732422
35,s&p,0.003243015380576253,24.574182510375977
30,salt,0.003243809100240469,24.573118209838867
18,gaussian,0.003244780359944444,24.571818408371225
179,salt,0.003244904801249504,24.571651458740234
33,s&p,0.0032451555598527193,24.57131576538086
24,s&p,0.0032475385814905167,24.56812858581543
82,gaussian,0.003248190044353265,24.56725714544318
26,s&p,0.0032484193798154593,24.566951751708984
191,salt,0.00325218983925879,24.561912536621094
83,gaussian,0.003255016770605435,24.558139149616856
25,s&p,0.003255548421293497,24.557430267333984
182,salt,0.003256814554333687,24.555740356445312
27,salt,0.0032577195670455694,24.554534912109375
171,salt,0.0032586464658379555,24.553298950195312
19,gaussian,0.0032592481861759186,24.552497129516198
26,salt,0.0032603389117866755,24.551044464111328
74,s&p,0.003261005040258169,24.550155639648438
178,salt,0.0032633920200169086,24.546977996826172
28,salt,0.0032635692041367292,24.546741485595703
93,gaussian,0.0032642934155462213,24.54577956459184
172,salt,0.003266520332545042,24.542818069458008
64,s&p,0.0032675396651029587,24.54146385192871
100,gaussian,0.003267550828557725,24.54144793462461
71,s&p,0.003268319182097912,24.54042625427246
63,s&p,0.0032695122063159943,24.538841247558594
24,salt,0.003272478235885501,24.534902572631836
37,s&p,0.003274176735430956,24.532649993896484
115,gaussian,0.0032750503800045923,24.531491603395526
25,salt,0.0032771965488791466,24.52864646911621
98,gaussian,0.0032841846142384105,24.519395832800424
173,salt,0.0032844378147274256,24.519062042236328
36,s&p,0.0032857076730579138,24.517383575439453
92,gaussian,0.0032860983848027932,24.516865835175153
96,gaussian,0.003288588762530697,24.513575770317093
40,s&p,0.003289103042334318,24.512897491455078
94,gaussian,0.0032893938375912818,24.512512709864275
82,localvar,0.0032922681430561512,24.50871945799043
100,localvar,0.003293288075936404,24.507374237600178
38,s&p,0.0032964260317385197,24.503238677978516
95,gaussian,0.0032975846771284676,24.50171189052447
99,localvar,0.003300824571588391,24.497447018959413
78,s&p,0.0033046365715563297,24.492435455322266
41,s&p,0.0033064892049878836,24.490001678466797
16,speckle,0.0033070766165171433,24.48922888934127
15,speckle,0.003307705452420175,24.488403163079433
190,salt,0.0033080352004617453,24.48797035217285
185,salt,0.0033087553456425667,24.48702621459961
177,salt,0.003308831714093685,24.48692512512207
192,salt,0.003309838240966201,24.485605239868164
180,salt,0.003309844061732292,24.485595703125
68,s&p,0.003310468979179859,24.48477554321289
23,salt,0.00331119354814291,24.48382568359375
15,speckle,0.0033115932777434643,24.483301531177023
93,gaussian,0.0033123488147087953,24.48231080531692
16,speckle,0.0033126506533541285,24.48191507137365
19,s&p,0.003314282512292266,24.479774475097656
62,s&p,0.0033144184853881598,24.479598999023438
187,salt,0.0033171926625072956,24.47596549987793
17,gaussian,0.0033172094498500537,24.475942515562465
189,salt,0.0033219323959201574,24.469764709472656
184,salt,0.003322348929941654,24.469219207763672
45,s&p,0.0033232655841857195,24.468021392822266
118,gaussian,0.003327468370262415,24.46253209541529
183,salt,0.0033274893648922443,24.462505340576172
66,s&p,0.003329328028485179,24.460105895996094
194,salt,0.003329562023282051,24.459800720214844
42,s&p,0.0033322209492325783,24.45633316040039
67,s&p,0.003341667354106903,24.44403839111328
14,speckle,0.0033425765910225056,24.4428577808733
188,salt,0.003342954907566309,24.442367553710938
88,gaussian,0.0033475932670554856,24.436344597581417
197,salt,0.0033527931664139032,24.429603576660156
18,s&p,0.0033540143631398678,24.428022384643555
110,gaussian,0.0033543170714138934,24.427630329671167
65,s&p,0.003357551759108901,24.423444747924805
96,gaussian,0.003360708818135711,24.41936259931534
198,salt,0.0033612181432545185,24.418704986572266
14,speckle,0.0033620566352199474,24.41762120424748
88,localvar,0.003362602856514149,24.416915678875426
17,localvar,0.003365126837170814,24.413657073155655
17,gaussian,0.0033672385143480857,24.410932652457014
83,s&p,0.0033692840952426195,24.408294677734375
193,salt,0.0033703974913805723,24.4068603515625
195,salt,0.003370450111106038,24.40679359436035
69,s&p,0.0033712650183588266,24.405742645263672
181,salt,0.003375099040567875,24.400806427001953
196,salt,0.0033793330658227205,24.395360946655273
76,s&p,0.0033815146889537573,24.392559051513672
22,salt,0.003385974559932947,24.3868350982666
106,gaussian,0.0033863926455146316,24.38629833181342
103,localvar,0.0033876828225891742,24.3846440343567
20,s&p,0.0033887289464473724,24.383304595947266
99,gaussian,0.003392608432792304,24.378334082093694
21,salt,0.0033929042983800173,24.37795639038086
23,salt,0.0033938633278012276,24.376728057861328
120,gaussian,0.0033950970984102592,24.375149460166178
22,s&p,0.0033957520499825478,24.374311447143555
21,s&p,0.0033969711512327194,24.372753143310547
199,salt,0.0033981548622250557,24.371240615844727
94,localvar,0.0033984490073814553,24.37086387597939
114,gaussian,0.0034002573218884316,24.36855360990108
108,gaussian,0.0034035232983062264,24.364384176098326
72,s&p,0.0034066124353557825,24.360445022583008
23,s&p,0.0034095062874257565,24.35675621032715
70,s&p,0.0034116427414119244,24.354036331176758
97,gaussian,0.0034219288307639592,24.340961726106812
20,salt,0.0034257955849170685,24.336055755615234
97,localvar,0.003428680057130969,24.332401840834006
77,s&p,0.0034334692172706127,24.32634162902832
108,localvar,0.00343410821433891,24.325531690916307
102,gaussian,0.0034431568236253434,24.314103417240766
15,localvar,0.0034443094574469965,24.31264981299025
121,gaussian,0.0034463708362795,24.310051388914218
16,localvar,0.00344655039281739,24.30982512660533
52,s&p,0.003447834402322769,24.30820655822754
46,s&p,0.003453039564192295,24.301654815673828
111,gaussian,0.0034544493501878445,24.29988316102163
53,s&p,0.0034547015093266964,24.2995662689209
17,localvar,0.0034567908360879527,24.296940434629924
106,localvar,0.0034608526432531143,24.29184037231426
86,localvar,0.0034659115297444518,24.285496726642137
73,s&p,0.003466034773737192,24.285343170166016
16,gaussian,0.003466967653373579,24.284173557275498
47,s&p,0.0034684534184634686,24.282312393188477
15,gaussian,0.00346899222182355,24.28163819390301
21,salt,0.003474300727248192,24.27499771118164
89,localvar,0.003476381663537984,24.272396949227662
22,salt,0.0034793142694979906,24.268733978271484
99,localvar,0.003481488640607522,24.26602162959149
50,s&p,0.0034916135482490063,24.253408432006836
16,gaussian,0.003495271293139644,24.248862553503848
87,s&p,0.0034989402629435062,24.244306564331055
14,gaussian,0.003500063587419915,24.242912109893332
20,salt,0.0035021586809307337,24.240312576293945
14,localvar,0.003505263149993133,24.23646518219623
131,gaussian,0.003505874119777098,24.235708269883016
122,gaussian,0.0035060988909138007,24.235429840789674
19,s&p,0.0035104108974337578,24.230091094970703
13,speckle,0.0035154412757825073,24.22387297863626
13,speckle,0.0035197073943226457,24.21860584909826
48,s&p,0.0035209371708333492,24.21708869934082
126,gaussian,0.0035215833460916397,24.216291740645982
54,s&p,0.0035223434679210186,24.215354919433594
15,gaussian,0.003525289701526599,24.21172333179024
61,s&p,0.0035267977509647608,24.20986557006836
55,s&p,0.003527752123773098,24.208690643310547
80,s&p,0.003530976828187704,24.204723358154297
95,localvar,0.0035321938438545434,24.203226161793204
116,gaussian,0.0035415896451128897,24.191689062741055
98,localvar,0.0035427359651409944,24.190283592426916
19,salt,0.0035450896248221397,24.187397003173828
12,speckle,0.0035476236827245372,24.184296000210743
93,localvar,0.003547830915369453,24.184042316692825
14,gaussian,0.0035500390594623617,24.18134014032404
84,s&p,0.0035539946984499693,24.176504135131836
12,speckle,0.0035547940546429534,24.175527003143856
119,gaussian,0.0035567520160797845,24.173135591035084
11,speckle,0.0035596231533416103,24.169631225097177
104,localvar,0.003560328212553646,24.168771097519148
112,gaussian,0.0035622304905135634,24.16645128837436
82,s&p,0.003563367761671543,24.16506576538086
11,speckle,0.003566560295266757,24.161175749787912
94,s&p,0.0035673363599926233,24.16023063659668
109,localvar,0.0035678742865269124,24.159576017802245
56,s&p,0.003570794127881527,24.156024932861328
88,s&p,0.003576182294636965,24.14947509765625
15,localvar,0.0035820069475202346,24.14240721603725
16,localvar,0.00358348343630233,24.14061744058467
18,salt,0.003587284591048956,24.13601303100586
17,s&p,0.003588673658668995,24.13433265686035
95,s&p,0.00358955143019557,24.133270263671875
65,s&p,0.0035898778587579727,24.13287353515625
67,s&p,0.003592543303966522,24.129650115966797
44,s&p,0.0035932017490267754,24.128854751586914
117,gaussian,0.003593835791283754,24.12808915915136
63,s&p,0.00360834039747715,24.110595703125
113,gaussian,0.003608632206072375,24.11024524693388
10,speckle,0.0036152845908478536,24.10224655343454
102,localvar,0.0036268646231568387,24.088358001101522
79,s&p,0.0036287857219576836,24.086057662963867
14,localvar,0.003628885224718366,24.08593913013882
10,speckle,0.0036323401107362695,24.081806389514234
66,s&p,0.003633398562669754,24.080541610717773
57,s&p,0.0036349608562886715,24.07867431640625
13,gaussian,0.0036442351744296773,24.067607498076725
92,localvar,0.003648187826343574,24.06289955646935
58,s&p,0.0036494664382189512,24.061376571655273
91,s&p,0.003649793565273285,24.060989379882812
125,gaussian,0.0036500600145350304,24.06067140243513
89,s&p,0.003653857856988907,24.056156158447266
49,s&p,0.003654918633401394,24.054893493652344
59,s&p,0.003658595960587263,24.050525665283203
60,s&p,0.003663209266960621,24.045055389404297
13,localvar,0.0036650833730825275,24.042832870654472
101,localvar,0.003665708537968164,24.0420921439661
90,s&p,0.0036665969528257847,24.041040420532227
86,s&p,0.0036686586681753397,24.038599014282227
17,salt,0.003670991864055395,24.035837173461914
9,speckle,0.00367173986947278,24.034952401550264
62,s&p,0.0036725839599967003,24.033954620361328
123,gaussian,0.0036757168851036335,24.0302509213802
9,speckle,0.0036789457576884904,24.026437608099712
13,gaussian,0.003688792384126392,24.014829328893725
12,gaussian,0.003689177716933478,24.014375686741012
18,s&p,0.003690518904477358,24.01279640197754
96,localvar,0.00369563472463466,24.00678106317801
11,gaussian,0.00369747087067066,24.004623842244207
12,localvar,0.0037068384841594058,23.99363482268165
18,salt,0.0037080589681863785,23.992204666137695
19,salt,0.003708749543875456,23.991395950317383
129,gaussian,0.0037126008621334696,23.986888842714286
12,gaussian,0.0037140166862429562,23.98523294862376
92,s&p,0.003714393824338913,23.984792709350586
11,gaussian,0.0037162000028911077,23.98268066128276
15,s&p,0.003718615509569645,23.9798583984375
16,s&p,0.0037197647616267204,23.978517532348633
11,localvar,0.003720891881963686,23.977200945574367
119,localvar,0.0037239252207919037,23.97366194019773
14,s&p,0.003724715206772089,23.972740173339844
85,s&p,0.0037275669164955616,23.969417572021484
17,s&p,0.00372909102588892,23.96764373779297
51,s&p,0.0037349157501012087,23.960861206054688
64,s&p,0.0037372582592070103,23.958139419555664
130,gaussian,0.0037412611411239073,23.95349122319797
96,s&p,0.003741383785381913,23.953350067138672
10,gaussian,0.003744779664826611,23.949408756696222
93,s&p,0.0037585203535854816,23.933502197265625
110,localvar,0.0037659639264143946,23.924909897971617
8,speckle,0.003768265908877648,23.92225604128236
7,speckle,0.003771809592767106,23.918173847485292
13,localvar,0.0037753886936762633,23.914054745713873
128,gaussian,0.0037763892773841432,23.912903896239158
97,s&p,0.0037777703255414963,23.91131591796875
10,localvar,0.0037786169255863426,23.910342798805534
7,speckle,0.0037810749341520844,23.907518610693113
8,speckle,0.003781207825126598,23.907365974726517
10,gaussian,0.0037827167545939067,23.90563322410739
134,gaussian,0.003785275905345089,23.902696051353924
12,localvar,0.0037888155638583065,23.89863680734221
107,localvar,0.0037955047476401892,23.89097606454955
11,localvar,0.0037970980520835567,23.889153334304982
105,localvar,0.0038015211339953864,23.88409736232579
98,gaussian,0.0038062036207436364,23.878751274030794
9,gaussian,0.003814520740963781,23.86927164800149
9,localvar,0.003823050126991658,23.859571530281023
15,s&p,0.003827559994533658,23.854450225830078
17,salt,0.0038289001677185297,23.852930068969727
120,localvar,0.0038321443113380656,23.849252900313207
99,s&p,0.003832257352769375,23.849124908447266
81,s&p,0.003836309304460883,23.84453582763672
16,s&p,0.003840249963104725,23.840076446533203
132,gaussian,0.0038417619837986527,23.83836690795234
138,gaussian,0.0038427780522904548,23.83721843858469
71,s&p,0.003844400169327855,23.835384368896484
124,gaussian,0.0038459236032912262,23.833664924403514
9,gaussian,0.0038466962737359915,23.83279248688032
112,localvar,0.0038495211505007124,23.829604353337714
116,localvar,0.003850331875513185,23.828689807568153
12,s&p,0.0038590487092733383,23.818870544433594
13,s&p,0.0038602754939347506,23.817489624023438
79,s&p,0.0038631337229162455,23.81427574157715
11,s&p,0.0038662066217511892,23.810821533203125
137,gaussian,0.0038689695083298226,23.807718384342703
15,salt,0.003875794354826212,23.800064086914062
16,salt,0.003880559466779232,23.794727325439453
125,localvar,0.00388708024163249,23.78743639522357
10,localvar,0.0038873406885920683,23.787145413609814
14,s&p,0.0038898882921785116,23.784297943115234
69,s&p,0.003891899948939681,23.782054901123047
8,gaussian,0.003898007530495077,23.775244716694978
7,gaussian,0.0038984777025834793,23.774720908497613
135,gaussian,0.0039054176380769303,23.766996621196146
9,localvar,0.0039097677407176745,23.762161865074233
10,s&p,0.0039103892631828785,23.761472702026367
152,gaussian,0.003914219747884723,23.75721941761369
7,localvar,0.003918922278043809,23.7520049503216
8,localvar,0.003921997991958208,23.748597784827112
74,s&p,0.00392276793718338,23.747745513916016
8,gaussian,0.003929019354000873,23.740829773449285
14,salt,0.003929528407752514,23.74026870727539
121,localvar,0.003931297893426564,23.738311918009245
7,gaussian,0.003931470944278886,23.738120751177775
114,localvar,0.003940769632640218,23.72786097600205
144,gaussian,0.003941173536126332,23.727415874961256
111,localvar,0.003945568910210138,23.72257512627162
9,s&p,0.0039492384530603886,23.718538284301758
142,gaussian,0.0039568472016901345,23.710178656606324
122,localvar,0.003957459919600916,23.709506203530974
68,s&p,0.003958952613174915,23.707868576049805
115,localvar,0.003961791695318354,23.704755081657268
133,gaussian,0.0039654052269751895,23.70079570740978
113,localvar,0.00397257641279649,23.692948858123692
15,salt,0.003975558094680309,23.68968963623047
16,salt,0.003977838438004255,23.68720054626465
70,s&p,0.003979963716119528,23.68488121032715
127,gaussian,0.003990302713754437,23.673613019201454
7,localvar,0.003997390808577217,23.665905359241467
8,localvar,0.00399747031352152,23.66581898235995
13,s&p,0.004005374852567911,23.657241821289062
140,gaussian,0.004010878052219608,23.65127687678207
98,s&p,0.004014156758785248,23.647727966308594
12,s&p,0.004018064122647047,23.643503189086914
14,salt,0.004020612686872482,23.640748977661133
73,s&p,0.004022370092570782,23.638851165771484
11,s&p,0.0040225195698440075,23.638689041137695
141,gaussian,0.00402495098959727,23.636065489721176
72,s&p,0.004046086687594652,23.613319396972656
139,gaussian,0.004050234403614596,23.608869871198543
8,s&p,0.00405948655679822,23.598960876464844
7,s&p,0.004067184403538704,23.59073257446289
77,s&p,0.004069900140166283,23.58783531188965
13,salt,0.004085117485374212,23.571626663208008
10,s&p,0.004088437184691429,23.568098068237305
147,gaussian,0.0040897306885533955,23.566724350854933
12,salt,0.004092377610504627,23.563915252685547
136,gaussian,0.004092671213524934,23.563602886426036
9,s&p,0.004093621391803026,23.56259536743164
11,salt,0.004099560435861349,23.556299209594727
75,s&p,0.00410603079944849,23.549449920654297
117,localvar,0.0041193557892411255,23.535378418165415
133,localvar,0.004120940439746611,23.533708077780467
82,s&p,0.004130436573177576,23.523712158203125
150,gaussian,0.004130822231352649,23.52330639807056
7,s&p,0.004148645326495171,23.504608154296875
8,s&p,0.004183241166174412,23.468542098999023
10,salt,0.004185928031802177,23.465755462646484
156,gaussian,0.004186072742470185,23.46560374542175
12,salt,0.004190518520772457,23.460994720458984
145,gaussian,0.004191474768167695,23.46000289320644
132,localvar,0.004195348816875043,23.455990699367312
148,gaussian,0.004195824956130391,23.45549783708837
13,salt,0.004196006804704666,23.455310821533203
9,salt,0.004204438999295235,23.446590423583984
11,salt,0.004208207130432129,23.442699432373047
130,localvar,0.004223314689199243,23.42713702515105
161,gaussian,0.004232426600251795,23.417777102499663
76,s&p,0.0042358278296887875,23.414287567138672
10,salt,0.004239964298903942,23.410049438476562
143,gaussian,0.004242078429250323,23.407884517924682
9,salt,0.004244066774845123,23.40584945678711
128,localvar,0.004244446094910533,23.405461231089248
146,gaussian,0.0042483799420516034,23.401437957279644
151,gaussian,0.004252036630706099,23.39770148203975
153,gaussian,0.004255126566079084,23.394546630275663
149,gaussian,0.004263571299556306,23.385936153863625
118,localvar,0.0042650025514730135,23.38447850144405
126,localvar,0.004265624791752678,23.38384493603442
85,s&p,0.004271076060831547,23.378297805786133
84,s&p,0.0042750099673867226,23.374300003051758
123,localvar,0.004277854479629197,23.37141138427118
129,localvar,0.004291186655775935,23.35789739802046
8,salt,0.004292847588658333,23.356216430664062
7,salt,0.004308687523007393,23.340221405029297
135,localvar,0.004311537726529628,23.337349548702377
127,localvar,0.004313328135192378,23.335546472280736
83,s&p,0.004328279756009579,23.320518493652344
134,localvar,0.004356731926527364,23.29206307214256
124,localvar,0.004362944911641133,23.28587416019602
27,pepper,0.004380417056381702,23.268516540527344
6,speckle,0.004381629136148478,23.267315296365084
28,pepper,0.004386743530631065,23.262248992919922
158,gaussian,0.0043873823526889765,23.261616614002957
144,localvar,0.004396157907104674,23.252938618539307
6,speckle,0.004407905266551193,23.241348932478086
26,pepper,0.0044132741168141365,23.23606300354004
7,salt,0.004415524657815695,23.233848571777344
87,s&p,0.004416222684085369,23.23316192626953
6,gaussian,0.004420579364253831,23.228879534372176
8,salt,0.004422263242304325,23.227224349975586
80,s&p,0.004429045133292675,23.220569610595703
131,localvar,0.004442233430426228,23.207657693450678
24,pepper,0.004445736296474934,23.204233169555664
165,gaussian,0.004453378102252928,23.196775761407068
29,pepper,0.004459448624402285,23.190860748291016
139,localvar,0.004463293899568491,23.187116601953598
33,pepper,0.00447218120098114,23.178478240966797
25,pepper,0.004472545348107815,23.178123474121094
154,gaussian,0.004477384176946643,23.17342785323088
155,gaussian,0.0044796897621069785,23.17119207189957
78,s&p,0.00448157824575901,23.169363021850586
30,pepper,0.004482998512685299,23.167984008789062
136,localvar,0.004483301427145185,23.167692065599546
159,gaussian,0.004484889853502896,23.166153639873134
34,pepper,0.004488473758101463,23.16268539428711
32,pepper,0.004490859806537628,23.160377502441406
35,pepper,0.004495023749768734,23.156352996826172
6,localvar,0.004500367519989291,23.151191638192373
23,pepper,0.004500976298004389,23.150604248046875
22,pepper,0.004503936041146517,23.147750854492188
160,gaussian,0.004504031869990037,23.14765690588206
173,gaussian,0.004505979580223809,23.14577926160886
81,s&p,0.004511198494583368,23.1407527923584
21,pepper,0.004515601322054863,23.136516571044922
20,pepper,0.004516652785241604,23.13550567626953
167,gaussian,0.004517402141898245,23.134783920157084
86,s&p,0.004530052654445171,23.122638702392578
137,localvar,0.00453191710939985,23.120851876161403
26,pepper,0.004532339051365852,23.12044906616211
23,pepper,0.004535120911896229,23.117782592773438
140,localvar,0.004537995388939717,23.115030951958886
18,pepper,0.004540814086794853,23.112335205078125
24,pepper,0.004543013870716095,23.1102294921875
21,pepper,0.004545464646071196,23.10788917541504
20,pepper,0.004549464676529169,23.104068756103516
25,pepper,0.004551982041448355,23.101665496826172
6,localvar,0.004552284308140545,23.101377678178345
31,pepper,0.00456036813557148,23.093671798706055
27,pepper,0.004568958654999733,23.085498809814453
92,s&p,0.004569792188704014,23.084707260131836
89,s&p,0.004572945646941662,23.081710815429688
6,gaussian,0.004574834679377417,23.079917408548486
148,localvar,0.004575969425951549,23.078840313743797
28,pepper,0.004586885683238506,23.068492889404297
164,gaussian,0.004590477187982532,23.065093119174026
22,pepper,0.004590755328536034,23.064830780029297
19,pepper,0.004594104364514351,23.061660766601562
151,localvar,0.004594412390190381,23.061371709800362
19,pepper,0.0045988718047738075,23.057157516479492
157,gaussian,0.0046051377183276305,23.051245229957217
30,pepper,0.004620709456503391,23.036584854125977
150,localvar,0.004622760440528552,23.034657573309115
163,gaussian,0.004628922679478952,23.028872189755916
29,pepper,0.004629770293831825,23.028078079223633
138,localvar,0.00464098783934634,23.017567150075507
6,s&p,0.004642319865524769,23.016321182250977
31,pepper,0.004645964130759239,23.01291275024414
88,s&p,0.0046468377113342285,23.012096405029297
18,pepper,0.004659672733396292,23.0001163482666
168,gaussian,0.004668871511514091,22.991552232532033
93,s&p,0.004676583223044872,22.984386444091797
141,localvar,0.004681879799865595,22.979468858038622
172,gaussian,0.004685537511759709,22.976077263280125
6,salt,0.004695217590779066,22.967113494873047
6,s&p,0.004711052402853966,22.952491760253906
143,localvar,0.004718158280159274,22.94594639377637
145,localvar,0.0047204791626428,22.94381060567737
94,s&p,0.004724658094346523,22.93996810913086
33,pepper,0.004725245293229818,22.939430236816406
36,pepper,0.004728722386062145,22.936233520507812
180,gaussian,0.004729019561456382,22.93596034992055
95,s&p,0.004729130305349827,22.93585777282715
162,gaussian,0.004739170976429357,22.9266476830959
155,localvar,0.004752270550685771,22.914659880377457
17,pepper,0.004763474687933922,22.90443229675293
193,gaussian,0.004767692047819959,22.900589495337428
34,pepper,0.004769844003021717,22.89862823486328
162,localvar,0.004771056517605279,22.89752584246333
32,pepper,0.004771763458848,22.896883010864258
142,localvar,0.004774062993473278,22.89479000260064
158,localvar,0.004777198160591195,22.891938890467713
38,pepper,0.0047794608399271965,22.889883041381836
160,localvar,0.00477990361918876,22.889480057657515
171,gaussian,0.004781136934156986,22.88835963172661
186,gaussian,0.0047837305415599305,22.886004367706928
37,pepper,0.004786456935107708,22.883529663085938
90,s&p,0.004791180603206158,22.87924575805664
36,pepper,0.004806358367204666,22.865509033203125
152,localvar,0.004808400679666425,22.863664955903413
6,salt,0.004823806695640087,22.84977149963379
181,gaussian,0.004826668514047782,22.84719672092756
174,gaussian,0.004830891308393501,22.843398791775368
35,pepper,0.004835058934986591,22.83965301513672
39,pepper,0.0048438566736876965,22.83176040649414
41,pepper,0.004845346324145794,22.830425262451172
149,localvar,0.0048469060864196,22.829025405372583
99,s&p,0.004854107741266489,22.82257843017578
102,s&p,0.004875832702964544,22.80318260192871
115,s&p,0.004876842722296715,22.802284240722656
146,localvar,0.004877857658266187,22.801380225290792
5,gaussian,0.004878142441917234,22.801126678823074
175,gaussian,0.004899566807914074,22.782094616028765
178,gaussian,0.00490043715978114,22.781323210189704
14,pepper,0.004904028028249741,22.778141021728516
157,localvar,0.0049042866156430815,22.777913022277506
15,pepper,0.004905230365693569,22.77707862854004
16,pepper,0.0049093132838606834,22.77346420288086
173,localvar,0.0049138979961935395,22.769410084035954
165,localvar,0.004914266878367355,22.769084075071554
170,gaussian,0.004914329769143042,22.76902849619733
161,localvar,0.004924551763428462,22.76000438650604
153,localvar,0.004944702011525766,22.742270211425982
44,pepper,0.00494705094024539,22.74020767211914
5,speckle,0.004948028570744851,22.739349468047777
91,s&p,0.004951227456331253,22.736541748046875
147,localvar,0.004960889925592966,22.728075546319417
154,localvar,0.004962247468474799,22.7268872661157
97,s&p,0.004962400533258915,22.72675323486328
169,gaussian,0.004963051210750549,22.726183890132216
38,pepper,0.00496717169880867,22.722579956054688
37,pepper,0.004977083764970303,22.71392059326172
39,pepper,0.004987575113773346,22.704776763916016
5,speckle,0.0049901652098140355,22.702522213732173
5,s&p,0.004991400055587292,22.701446533203125
17,pepper,0.0049931928515434265,22.699888229370117
14,pepper,0.004994929768145084,22.698379516601562
96,s&p,0.004997484385967255,22.696155548095703
45,pepper,0.00499881524592638,22.69499969482422
13,pepper,0.00499891210347414,22.694915771484375
98,s&p,0.005004085600376129,22.690425872802734
12,pepper,0.005012019071727991,22.683544158935547
43,pepper,0.005013426765799522,22.682323455810547
166,gaussian,0.0050148071523254435,22.681129088576526
105,s&p,0.00501632085070014,22.67981719970703
179,gaussian,0.005023869910198653,22.673287603528394
40,pepper,0.005027242004871368,22.670373916625977
15,pepper,0.005028689280152321,22.669124603271484
11,pepper,0.00502878800034523,22.669038772583008
103,s&p,0.005032169166952372,22.666118621826172
16,pepper,0.005034645088016987,22.663982391357422
188,gaussian,0.00505480284678678,22.646629240518244
108,s&p,0.005073468666523695,22.63062286376953
45,pepper,0.005079674534499645,22.62531280517578
113,s&p,0.00508795166388154,22.618240356445312
10,pepper,0.005091893021017313,22.614879608154297
5,localvar,0.005092884634496136,22.6140330693541
9,pepper,0.005102036986500025,22.60623550415039
43,pepper,0.005102039314806461,22.60623550415039
40,pepper,0.0051033347845077515,22.605131149291992
104,s&p,0.005107961129397154,22.601194381713867
41,pepper,0.005113644525408745,22.59636688232422
159,localvar,0.005114175926209868,22.59591481903098
163,localvar,0.005116045903853397,22.594327129156014
110,s&p,0.005120411049574614,22.590621948242188
46,pepper,0.005130530335009098,22.582050323486328
189,gaussian,0.00513142382076486,22.581292595460226
187,gaussian,0.005133193445764755,22.57979514385507
191,gaussian,0.005136623075642069,22.576894470054413
8,pepper,0.005146127659827471,22.568864822387695
185,gaussian,0.005146490933344165,22.568559334491475
100,s&p,0.005147397518157959,22.567794799804688
7,pepper,0.005148645024746656,22.566741943359375
184,gaussian,0.005150158980747826,22.565465099322857
172,localvar,0.005156371129654487,22.560229773197122
174,localvar,0.005161827009115064,22.55563699734107
5,salt,0.005162193439900875,22.555328369140625
194,gaussian,0.005165644974921875,22.552425908392884
164,localvar,0.005166497414627577,22.55170929058561
13,pepper,0.005168113857507706,22.550352096557617
183,gaussian,0.005171102665152107,22.547839852790652
12,pepper,0.005172283388674259,22.54684829711914
11,pepper,0.005177177023142576,22.542741775512695
124,s&p,0.005195094272494316,22.52773666381836
177,gaussian,0.005202484484685145,22.521563517643813
118,s&p,0.005220809020102024,22.50629425048828
195,gaussian,0.0052234518251773315,22.504095518067544
5,salt,0.005229813978075981,22.498807907104492
44,pepper,0.005241211503744125,22.489355087280273
5,localvar,0.005243158603557314,22.487741503024704
111,s&p,0.005250153131783009,22.481952667236328
199,gaussian,0.00525353021050738,22.47915911440188
42,pepper,0.0052538663148880005,22.4788818359375
7,pepper,0.005262376740574837,22.471851348876953
171,localvar,0.005263832487910274,22.470650852803526
10,pepper,0.005267336033284664,22.467761993408203
182,gaussian,0.0052683792489713575,22.46690114968065
156,localvar,0.00527466679758011,22.461721151457844
169,localvar,0.0052806145110250845,22.456826806481228
49,pepper,0.005287778098136187,22.450939178466797
190,gaussian,0.005289716595377722,22.44934740787884
9,pepper,0.005293615162372589,22.446147918701172
192,gaussian,0.005296493011948818,22.44378741835468
175,localvar,0.00529768208973188,22.442812524288932
47,pepper,0.005310192704200745,22.432567596435547
176,gaussian,0.005325137415771917,22.42036326184614
8,pepper,0.005327808670699596,22.418184280395508
47,pepper,0.005333031993359327,22.413930892944336
167,localvar,0.005336810299497206,22.410853796689047
168,localvar,0.005343603372818095,22.40532930157723
109,s&p,0.005349346436560154,22.400663375854492
198,gaussian,0.005349361014115737,22.400652371970956
5,s&p,0.005352899432182312,22.397781372070312
170,localvar,0.005354846223881448,22.39620141826859
176,localvar,0.005357361061277448,22.39416228665928
179,localvar,0.005362049308952207,22.39036342057534
5,gaussian,0.005364679072617511,22.38823398869116
189,localvar,0.005381149688898988,22.374920723562973
182,localvar,0.005382759433961081,22.373621746778664
196,gaussian,0.0053880828422611686,22.369328810388723
178,localvar,0.005439702109259984,22.327920280847216
112,s&p,0.005459540523588657,22.312108993530273
185,localvar,0.005464097485819245,22.308487063996196
166,localvar,0.005481940508793447,22.294328272868974
121,s&p,0.005485829431563616,22.291248321533203
42,pepper,0.005490535404533148,22.28752326965332
177,localvar,0.0054921148653592836,22.286275337051073
191,localvar,0.005493412263101266,22.285249527954782
53,pepper,0.0055321017280220985,22.254770278930664
197,gaussian,0.005535268683251977,22.252284389747725
180,localvar,0.005546711661622319,22.243315552095346
106,s&p,0.005546994507312775,22.24309539794922
119,s&p,0.005560893099755049,22.23222541809082
186,localvar,0.005562239258425523,22.23117479452236
184,localvar,0.00556397424425898,22.229820344907353
193,localvar,0.005570627210193744,22.22463049280637
56,pepper,0.005577258765697479,22.219465255737305
188,localvar,0.005577907533827958,22.218958348613693
120,s&p,0.005581394769251347,22.216243743896484
195,localvar,0.005588543213234855,22.210685320094395
50,pepper,0.005598119460046291,22.203250885009766
117,s&p,0.00561782531440258,22.18798828125
198,localvar,0.00562574822124602,22.18186853919422
101,s&p,0.005648951977491379,22.163991928100586
114,s&p,0.005665146745741367,22.151561737060547
116,s&p,0.005667420104146004,22.149818420410156
181,localvar,0.00567258572042015,22.145860780762426
107,s&p,0.005687383469194174,22.13454818725586
59,pepper,0.005693775601685047,22.129669189453125
190,localvar,0.005694813363619054,22.12887649962838
196,localvar,0.005703107848466341,22.12255561081319
197,localvar,0.00570750836697157,22.11920588637588
52,pepper,0.005710996221750975,22.116554260253906
48,pepper,0.005716552957892418,22.112329483032227
55,pepper,0.005717627704143524,22.111513137817383
199,localvar,0.0057207214748341995,22.109163417034775
6,pepper,0.005758233368396759,22.080780029296875
51,pepper,0.005763380788266659,22.07689666748047
183,localvar,0.005769758834130335,22.07209484675908
187,localvar,0.005798023249972305,22.050871929223206
48,pepper,0.005800353828817606,22.04912567138672
141,s&p,0.005808299407362938,22.043182373046875
46,pepper,0.005809525027871132,22.042264938354492
126,s&p,0.005818451754748821,22.03559684753418
51,pepper,0.00582372909411788,22.031660079956055
194,localvar,0.005842224583040945,22.017888976304505
135,s&p,0.005858046468347311,22.006145477294922
128,s&p,0.005861515179276466,22.003572463989258
49,pepper,0.005865420214831829,22.00067901611328
54,pepper,0.005873370449990034,21.99479866027832
192,localvar,0.005877909704842985,21.99144235206647
125,s&p,0.005882559809833765,21.988008499145508
122,s&p,0.0058854068629443645,21.98590850830078
123,s&p,0.0058939531445503235,21.979602813720703
56,pepper,0.005903552286326885,21.972537994384766
6,pepper,0.005903635639697313,21.972475051879883
131,s&p,0.006019356660544872,21.88817024230957
130,s&p,0.006030005402863026,21.8804931640625
152,s&p,0.006031254306435585,21.879594802856445
60,pepper,0.006051923148334026,21.86473846435547
52,pepper,0.006088425870984793,21.838623046875
132,s&p,0.006092045456171036,21.836040496826172
136,s&p,0.006093893200159073,21.83472442626953
57,pepper,0.0061026508919894695,21.828487396240234
58,pepper,0.006137949414551258,21.803438186645508
129,s&p,0.006142611615359783,21.800140380859375
142,s&p,0.006155939772725105,21.790729522705078
139,s&p,0.0061808256432414055,21.77320671081543
5,pepper,0.006215402856469154,21.748979568481445
137,s&p,0.006221855990588665,21.744470596313477
134,s&p,0.006233514286577702,21.736339569091797
60,pepper,0.006243160925805569,21.729625701904297
5,pepper,0.006262054201215506,21.716503143310547
54,pepper,0.0062648700550198555,21.71455192565918
127,s&p,0.0062834699638187885,21.701677322387695
140,s&p,0.0063894279301166534,21.629051208496094
63,pepper,0.00639913696795702,21.62245750427246
61,pepper,0.006415259558707476,21.611528396606445
148,s&p,0.006441114470362663,21.59406280517578
62,pepper,0.006443418562412262,21.592506408691406
50,pepper,0.006497110705822706,21.556468963623047
133,s&p,0.006539265625178814,21.52838134765625
63,pepper,0.006557815708220005,21.51607894897461
58,pepper,0.006572673097252846,21.506250381469727
64,pepper,0.006586011964827776,21.49744415283203
138,s&p,0.006600239314138889,21.488075256347656
144,s&p,0.0066072773188352585,21.483444213867188
62,pepper,0.0066238692961633205,21.472553253173828
55,pepper,0.006634277291595936,21.465736389160156
143,s&p,0.006647537928074598,21.457063674926758
149,s&p,0.006652603857219219,21.453754425048828
68,pepper,0.006658442784100771,21.4499454498291
145,s&p,0.0067065125331282616,21.418704986572266
146,s&p,0.00672175083309412,21.408845901489258
151,s&p,0.006767559796571732,21.379352569580078
59,pepper,0.006779138930141926,21.371925354003906
68,pepper,0.006808062084019184,21.353435516357422
61,pepper,0.006837977562099695,21.334396362304688
162,s&p,0.006907407660037279,21.2905216217041
159,s&p,0.006914515048265457,21.286052703857422
64,pepper,0.006938363425433636,21.271099090576172
154,s&p,0.006945246830582619,21.266794204711914
65,pepper,0.006957515608519316,21.25912857055664
57,pepper,0.006971460767090321,21.25043487548828
150,s&p,0.007019825745373964,21.220407485961914
4,salt,0.007041024509817362,21.207313537597656
75,pepper,0.007042531855404377,21.206382751464844
168,s&p,0.007043835241347551,21.20557975769043
4,salt,0.007052132394164801,21.20046615600586
160,s&p,0.007123306393623352,21.1568546295166
147,s&p,0.0071340096183121204,21.150333404541016
67,pepper,0.007139872759580612,21.146766662597656
70,pepper,0.007170595228672028,21.12812042236328
156,s&p,0.0071828318759799,21.120716094970703
73,pepper,0.0072404793463647366,21.08599853515625
164,s&p,0.0072433603927493095,21.084270477294922
53,pepper,0.007245871238410473,21.082765579223633
66,pepper,0.0072591258212924,21.0748291015625
72,pepper,0.007279190234839916,21.062841415405273
73,pepper,0.007289821282029152,21.056501388549805
66,pepper,0.0073107387870550156,21.04405975341797
161,s&p,0.007323301397264004,21.036602020263672
74,pepper,0.007325967773795128,21.035022735595703
4,s&p,0.007331320084631443,21.031848907470703
71,pepper,0.007370441220700741,21.008737564086914
167,s&p,0.007371946703642607,21.007850646972656
65,pepper,0.0074023096822202206,20.989999771118164
70,pepper,0.007408378645777702,20.986440658569336
76,pepper,0.007413813844323158,20.98325538635254
157,s&p,0.007424400188028812,20.97705841064453
69,pepper,0.0074320826679468155,20.972566604614258
4,speckle,0.00744582356910108,20.964544041845983
4,speckle,0.00744873951224656,20.962843585072747
67,pepper,0.007451890967786312,20.96100616455078
153,s&p,0.007460014894604683,20.956275939941406
4,s&p,0.007461691275238991,20.955297470092773
4,localvar,0.007476725338479822,20.946557185593925
155,s&p,0.007482740096747875,20.943065643310547
4,localvar,0.007498402571372414,20.93398392510435
77,pepper,0.007513059303164482,20.92550277709961
4,gaussian,0.00754021162625649,20.909836103541593
163,s&p,0.007541893981397152,20.90886878967285
4,gaussian,0.007544362130151885,20.907446190490706
173,s&p,0.007577979937195778,20.888137817382812
76,pepper,0.007619102485477924,20.864635467529297
179,s&p,0.007718946784734726,20.808090209960938
158,s&p,0.007722210139036179,20.806255340576172
78,pepper,0.007765079848468304,20.78221321105957
82,pepper,0.0077749211341142654,20.776710510253906
165,s&p,0.00782860815525055,20.746826171875
169,s&p,0.007849674671888351,20.735153198242188
187,s&p,0.007871955633163452,20.72284507751465
71,pepper,0.007915133610367775,20.69908905029297
166,s&p,0.007969362661242485,20.669437408447266
80,pepper,0.00800406839698553,20.650562286376953
176,s&p,0.008039803244173527,20.63121795654297
72,pepper,0.008056167513132095,20.622386932373047
83,pepper,0.008077510632574558,20.61089515686035
170,s&p,0.008126080967485905,20.58485984802246
177,s&p,0.008128853514790535,20.5833797454834
69,pepper,0.008130084723234177,20.582721710205078
81,pepper,0.008142088539898396,20.576313018798828
178,s&p,0.008160464465618134,20.5665225982666
84,pepper,0.008163943886756897,20.56467056274414
180,s&p,0.008195292204618454,20.54802703857422
82,pepper,0.008229564875364304,20.5299015045166
83,pepper,0.008233160711824894,20.52800750732422
2,salt,0.008240586146712303,20.524089813232422
186,s&p,0.008244478143751621,20.52203941345215
3,salt,0.008247201330959797,20.520606994628906
181,s&p,0.008260971866548061,20.51336097717285
184,s&p,0.008261479437351227,20.513093948364258
175,s&p,0.008282581344246864,20.50201416015625
199,s&p,0.0082973912358284,20.49425506591797
86,pepper,0.008299718610942364,20.493038177490234
75,pepper,0.008312687277793884,20.486257553100586
87,pepper,0.008313346654176712,20.485912322998047
195,s&p,0.008340995758771896,20.471492767333984
2,salt,0.008342021144926548,20.470958709716797
3,salt,0.008345048874616623,20.46938133239746
79,pepper,0.008407074958086014,20.43722152709961
171,s&p,0.008436676114797592,20.421958923339844
183,s&p,0.008438758552074432,20.42088508605957
193,s&p,0.00846690684556961,20.406421661376953
197,s&p,0.008496509864926338,20.391265869140625
182,s&p,0.008502263575792313,20.38832664489746
84,pepper,0.008556175976991653,20.36087417602539
188,s&p,0.00856397207826376,20.35692024230957
190,s&p,0.008586347103118896,20.34558868408203
198,s&p,0.008604166097939014,20.33658218383789
92,pepper,0.008618636056780815,20.329286575317383
196,s&p,0.008622141554951668,20.3275203704834
172,s&p,0.008645188063383102,20.31592559814453
192,s&p,0.008658126927912235,20.309431076049805
85,pepper,0.008668379858136177,20.304290771484375
174,s&p,0.008673497475683689,20.301727294921875
90,pepper,0.008675647899508476,20.3006534576416
74,pepper,0.008678763173520565,20.29909324645996
88,pepper,0.008680695667862892,20.298126220703125
93,pepper,0.008772348053753376,20.252513885498047
85,pepper,0.008776366710662842,20.25052261352539
95,pepper,0.00881191622465849,20.232967376708984
189,s&p,0.008821933530271053,20.2280330657959
2,s&p,0.008850924670696259,20.21378517150879
3,s&p,0.008870206773281097,20.204334259033203
3,s&p,0.008874509483575821,20.202226638793945
2,s&p,0.008875170722603798,20.201904296875
81,pepper,0.008889343589544296,20.19497299194336
3,localvar,0.00895985914163791,20.160659633060504
3,speckle,0.008961576141910937,20.159827463388282
3,gaussian,0.008967130515247806,20.157136545617206
2,localvar,0.008967174973300084,20.157115013825194
88,pepper,0.008974069729447365,20.153778076171875
3,localvar,0.008976378545962144,20.15265986377127
2,gaussian,0.008979631757746206,20.15108618240459
2,speckle,0.008982255616021558,20.149817354519556
3,speckle,0.008988216864837377,20.146936030654885
185,s&p,0.008989031426608562,20.146541595458984
2,localvar,0.008993481236427132,20.144393125547072
2,speckle,0.009010325108159668,20.136266840980753
3,gaussian,0.009021936099948858,20.130673986815463
2,gaussian,0.009027585669221204,20.127955270085334
80,pepper,0.009036727249622345,20.123559951782227
194,s&p,0.009050787426531315,20.11680793762207
4,pepper,0.0090826116502285,20.101564407348633
191,s&p,0.009093443863093853,20.09638786315918
89,pepper,0.009155524894595146,20.066837310791016
4,pepper,0.009238280355930328,20.027759552001953
87,pepper,0.00924601312726736,20.024126052856445
78,pepper,0.009370648302137852,19.965974807739258
77,pepper,0.009477916173636913,19.916542053222656
86,pepper,0.009612943977117538,19.855106353759766
95,pepper,0.00962615292519331,19.849143981933594
99,pepper,0.009785260073840618,19.7779483795166
91,pepper,0.009840221144258976,19.753623962402344
94,pepper,0.00986464787274599,19.742855072021484
92,pepper,0.00989142619073391,19.731081008911133
79,pepper,0.009910078719258308,19.722900390625
1,salt,0.0099132489413023,19.721511840820312
90,pepper,0.009970552287995815,19.69647979736328
1,salt,0.010033804923295975,19.669015884399414
97,pepper,0.01020632404834032,19.59497833251953
98,pepper,0.010439054109156132,19.497058868408203
99,pepper,0.010514959692955017,19.465595245361328
89,pepper,0.010543708689510822,19.453737258911133
96,pepper,0.010608244687318802,19.427236557006836
2,pepper,0.010748662054538727,19.370126724243164
2,pepper,0.01075122319161892,19.369091033935547
3,pepper,0.010752186179161072,19.368703842163086
3,pepper,0.010753534734249115,19.368160247802734
1,s&p,0.010824158787727356,19.33972930908203
103,pepper,0.010824277997016907,19.33968162536621
91,pepper,0.010840341448783875,19.333242416381836
107,pepper,0.010841693729162216,19.332698822021484
1,localvar,0.01084281859845892,19.33224953418046
1,localvar,0.010845916089412483,19.331009053112858
98,pepper,0.01085706427693367,19.326547622680664
1,gaussian,0.010860905908756768,19.32501094167922
1,s&p,0.010879452340304852,19.31760025024414
1,speckle,0.010883315506661521,19.31605925932512
1,speckle,0.010892228493650118,19.312504022052938
1,gaussian,0.010907087754131232,19.306583381461987
106,pepper,0.010924090631306171,19.29981803894043
96,pepper,0.010924634523689747,19.299602508544922
100,pepper,0.010933279059827328,19.296167373657227
94,pepper,0.010980838909745216,19.27731704711914
93,pepper,0.011028941720724106,19.258333206176758
97,pepper,0.011039745062589645,19.25408172607422
101,pepper,0.011147232726216316,19.211999893188477
105,pepper,0.011161149479448795,19.20658302307129
108,pepper,0.011301805265247822,19.152193069458008
109,pepper,0.011481070891022682,19.083847045898438
115,pepper,0.01155097410082817,19.057485580444336
102,pepper,0.011658547446131706,19.017227172851562
127,pepper,0.011942163109779358,18.912841796875
126,pepper,0.012011060491204262,18.887859344482422
0,salt,0.012029518373310566,18.881189346313477
0,salt,0.012055388651788235,18.871858596801758
104,pepper,0.01216036081314087,18.83420753479004
112,pepper,0.012254533357918262,18.800703048706055
114,pepper,0.01233704388141632,18.771560668945312
121,pepper,0.012380240485072136,18.75638198852539
110,pepper,0.012394040822982788,18.751543045043945
117,pepper,0.012404792942106724,18.74777603149414
111,pepper,0.012465637177228928,18.726526260375977
116,pepper,0.012561465613543987,18.693267822265625
131,pepper,0.012566866353154182,18.691402435302734
118,pepper,0.012711672112345695,18.641645431518555
119,pepper,0.012991268187761307,18.547155380249023
1,pepper,0.013039404526352882,18.53109359741211
122,pepper,0.013071932829916477,18.520275115966797
130,pepper,0.013074763119220734,18.519332885742188
1,pepper,0.013077983632683754,18.51826286315918
128,pepper,0.013129136525094509,18.501310348510742
135,pepper,0.01321015041321516,18.474594116210938
123,pepper,0.013325131498277187,18.43695640563965
138,pepper,0.013393258675932884,18.41480827331543
120,pepper,0.013425891287624836,18.404239654541016
113,pepper,0.013445134274661541,18.398019790649414
136,pepper,0.013470354489982128,18.389881134033203
125,pepper,0.013493619859218597,18.382387161254883
132,pepper,0.013495294377207756,18.381847381591797
142,pepper,0.013615235686302185,18.343420028686523
129,pepper,0.013645749539136887,18.333698272705078
124,pepper,0.013688227161765099,18.320199966430664
139,pepper,0.013902733102440834,18.252670288085938
140,pepper,0.01401823665946722,18.216737747192383
134,pepper,0.014112073928117752,18.187763214111328
133,pepper,0.01415235921740532,18.175382614135742
141,pepper,0.01432806346565485,18.121797561645508
137,pepper,0.01439252682030201,18.1023006439209
147,pepper,0.014580288901925087,18.046009063720703
143,pepper,0.014712045900523663,18.006940841674805
160,pepper,0.014729833230376244,18.001693725585938
144,pepper,0.014774220995604992,17.98862648010254
148,pepper,0.0148829510435462,17.9567813873291
151,pepper,0.014892002567648888,17.954139709472656
145,pepper,0.01496938057243824,17.93163299560547
156,pepper,0.014991733245551586,17.925151824951172
152,pepper,0.015015894547104836,17.91815948486328
159,pepper,0.015166886150836945,17.874706268310547
150,pepper,0.015206590294837952,17.863353729248047
157,pepper,0.015323310159146786,17.83014488220215
166,pepper,0.01536367367953062,17.8187198638916
154,pepper,0.015477221459150314,17.786741256713867
165,pepper,0.015536809340119362,17.77005386352539
0,localvar,0.015632666899335332,17.74334071414309
0,gaussian,0.01565075751226165,17.738317827811624
0,localvar,0.015651565513867982,17.738093620401344
0,gaussian,0.015656443345352815,17.736740346659673
0,speckle,0.015658534003614194,17.736160457146934
0,speckle,0.015667677742654026,17.73362515185442
149,pepper,0.01568831130862236,17.727909088134766
171,pepper,0.015695465728640556,17.725929260253906
163,pepper,0.015739083290100098,17.713878631591797
162,pepper,0.015772182494401932,17.704753875732422
155,pepper,0.015773028135299683,17.70452117919922
146,pepper,0.01577937789261341,17.70277214050293
153,pepper,0.01583128236234188,17.68851089477539
172,pepper,0.01583975926041603,17.686185836791992
158,pepper,0.01588764786720276,17.67307472229004
168,pepper,0.015890929847955704,17.672178268432617
164,pepper,0.015915539115667343,17.66545867919922
0,s&p,0.015947135165333748,17.656845092773438
0,s&p,0.015977617353200912,17.64855194091797
161,pepper,0.016044631600379944,17.630374908447266
177,pepper,0.016177410259842873,17.594581604003906
175,pepper,0.0164237841963768,17.52893829345703
169,pepper,0.016500448808073997,17.50871467590332
186,pepper,0.016566306352615356,17.49141502380371
179,pepper,0.016617218032479286,17.47808837890625
173,pepper,0.01681281253695488,17.427268981933594
170,pepper,0.016829144209623337,17.423051834106445
167,pepper,0.016841283068060875,17.419919967651367
174,pepper,0.01692369021475315,17.39872169494629
176,pepper,0.016928264871239662,17.397546768188477
189,pepper,0.016983497887849808,17.383399963378906
180,pepper,0.01708316057920456,17.357990264892578
181,pepper,0.017152544111013412,17.34038543701172
192,pepper,0.017225472256541252,17.32196044921875
198,pepper,0.0173540897667408,17.289653778076172
188,pepper,0.01737617328763008,17.284130096435547
182,pepper,0.017389461398124695,17.28080940246582
184,pepper,0.017443295568227768,17.267385482788086
178,pepper,0.017457880079746246,17.263755798339844
193,pepper,0.017572518438100815,17.235332489013672
197,pepper,0.017578408122062683,17.233875274658203
183,pepper,0.017671750858426094,17.21087646484375
190,pepper,0.017812330275774002,17.176464080810547
185,pepper,0.018022995442152023,17.12540054321289
187,pepper,0.018044110387563705,17.120317459106445
196,pepper,0.018096240237355232,17.1077880859375
194,pepper,0.0181278046220541,17.1002197265625
199,pepper,0.018348177894949913,17.047740936279297
191,pepper,0.018413495272397995,17.03230857849121
195,pepper,0.018483830615878105,17.015750885009766
0,pepper,0.021131541579961777,16.43436050415039
0,pepper,0.02114206552505493,16.43219757080078
